2D_projection_error,3D_projection_error,mape_loss
4.353911399841309,175.0405731201172,66.4062271118164
4.5943498611450195,215.7481231689453,96.83963775634766
4.78729248046875,209.38803100585938,78.93465423583984
4.691836833953857,141.95822143554688,68.39697265625
3.9152028560638428,193.6253204345703,74.84259033203125
3.651968479156494,153.99264526367188,63.43072509765625
5.0118255615234375,212.6305389404297,87.26756286621094
4.867343425750732,209.7109375,69.2496337890625
4.174794673919678,138.98521423339844,61.51763153076172
4.341196537017822,206.9730987548828,71.23687744140625
4.684072017669678,191.82369995117188,108.91624450683594
4.419681549072266,202.54730224609375,47.700199127197266
4.000146389007568,199.16073608398438,70.78704833984375
6.332398414611816,201.61434936523438,67.64007568359375
3.9962291717529297,148.97940063476562,60.1659049987793
4.769143581390381,184.9232635498047,52.68492889404297
3.6716256141662598,182.58346557617188,65.67826843261719
5.0315842628479,181.5609130859375,101.86023712158203
5.824571132659912,159.03775024414062,86.95233154296875
4.967421054840088,171.068359375,65.94795227050781
4.501311779022217,189.66934204101562,72.12516784667969
4.264265060424805,190.1075439453125,79.32450103759766
4.121081829071045,237.2509307861328,65.37713623046875
3.7884347438812256,241.49049377441406,68.80170440673828
4.68976354598999,178.9773406982422,60.51143264770508
3.760014772415161,149.70091247558594,52.36824035644531
5.503450870513916,174.24462890625,80.19903564453125
4.299495697021484,172.96044921875,66.33507537841797
4.096085548400879,185.84263610839844,88.96002960205078
4.0508036613464355,186.93296813964844,82.79826354980469
3.618002414703369,142.08799743652344,54.02196502685547
4.586362361907959,156.2902069091797,68.45458221435547
3.8676202297210693,190.22549438476562,70.0655517578125
4.9942779541015625,173.37025451660156,144.43130493164062
4.438789367675781,183.39122009277344,68.01104736328125
4.441544532775879,199.8605194091797,70.53315734863281
4.527157783508301,199.3282012939453,56.77075958251953
5.273341655731201,187.12271118164062,61.59766387939453
5.060092926025391,225.93690490722656,85.06333923339844
5.424030303955078,168.35052490234375,59.18893051147461
4.8545098304748535,171.2770538330078,64.79437255859375
4.236451148986816,166.4744873046875,50.194435119628906
3.7644009590148926,153.83181762695312,65.28359985351562
4.270554542541504,180.6828155517578,75.76029205322266
4.299102306365967,200.04039001464844,70.2392578125
4.440629005432129,196.5564422607422,90.63912200927734
3.953157901763916,169.68502807617188,73.00189971923828
3.796293020248413,143.3911590576172,61.05405044555664
4.180400848388672,171.6932373046875,61.117374420166016
4.144092082977295,176.86444091796875,56.836978912353516
3.5166566371917725,155.86143493652344,185.83175659179688
4.577693462371826,175.82296752929688,50.247650146484375
5.34766960144043,186.6543426513672,78.62094116210938
4.4949750900268555,235.86988830566406,65.05119323730469
4.967928409576416,156.07179260253906,84.67874145507812
4.382014751434326,128.50906372070312,57.13048553466797
4.68487548828125,127.10801696777344,96.78642272949219
3.7817113399505615,154.57406616210938,68.65031433105469
3.7474560737609863,173.48179626464844,78.52495574951172
4.301232814788818,225.27005004882812,99.0146484375
4.4425530433654785,156.1014862060547,66.31224822998047
4.981784343719482,198.61376953125,83.96546936035156
4.287820339202881,135.99566650390625,47.90340805053711
5.234483242034912,214.48118591308594,76.83686828613281
4.017541885375977,216.1022491455078,130.31585693359375
4.0266642570495605,225.31588745117188,83.55033111572266
4.252899169921875,235.06716918945312,79.28417205810547
4.2706828117370605,217.3604278564453,67.69440460205078
5.275792121887207,202.1729736328125,57.01482391357422
4.309853553771973,134.3724822998047,65.98833465576172
4.164340972900391,186.72616577148438,65.46114349365234
4.112937927246094,161.89752197265625,71.3083267211914
3.7791333198547363,174.99049377441406,92.97391510009766
4.207789421081543,210.38897705078125,65.67295837402344
4.969828128814697,177.76486206054688,83.2577133178711
4.257731914520264,177.07986450195312,75.26390838623047
4.4253692626953125,164.99307250976562,72.30683135986328
5.144526958465576,152.2064971923828,61.35775375366211
5.166053771972656,188.32879638671875,83.02596282958984
5.11278772354126,205.2373046875,80.29679870605469
5.121385097503662,204.86761474609375,68.65159606933594
4.692695617675781,221.41378784179688,66.64769744873047
4.349403381347656,136.80873107910156,66.14881896972656
5.0311102867126465,206.29226684570312,68.28219604492188
4.007381439208984,176.30332946777344,70.692138671875
4.637552261352539,210.1793670654297,64.11100006103516
4.176445007324219,188.74908447265625,112.05310821533203
4.0709547996521,188.80435180664062,62.21552658081055
3.5258071422576904,187.1276092529297,60.464900970458984
4.547097206115723,210.3575439453125,55.610042572021484
3.970365285873413,171.00460815429688,61.62228012084961
3.8387839794158936,156.49798583984375,119.4996109008789
6.360260963439941,165.94570922851562,72.97065734863281
4.184627056121826,170.89804077148438,64.27813720703125
4.396153926849365,167.82534790039062,56.5695686340332
4.650906562805176,157.9558868408203,65.21175384521484
5.246129035949707,149.44015502929688,61.4525032043457
4.052516937255859,194.95556640625,82.0819091796875
4.670215606689453,187.5177764892578,76.71598815917969
4.091310977935791,198.22767639160156,58.077537536621094
4.373564720153809,220.53993225097656,81.97087097167969
4.060168743133545,195.7185516357422,64.05706024169922
4.155303955078125,208.63136291503906,74.35829162597656
4.333713531494141,223.5430450439453,66.44783020019531
4.137165546417236,233.8402099609375,60.55390930175781
3.860868215560913,200.36148071289062,84.26612854003906
5.403934478759766,157.30517578125,63.856895446777344
3.6630616188049316,150.51930236816406,62.300472259521484
3.8092331886291504,166.30555725097656,69.41009521484375
4.140439033508301,198.1649932861328,68.13805389404297
3.835102081298828,192.46180725097656,60.364776611328125
4.406123638153076,127.63941192626953,113.04916381835938
4.7382731437683105,194.8095245361328,90.50743865966797
4.236015319824219,182.12001037597656,80.61843872070312
3.1267199516296387,227.02281188964844,83.91910552978516
5.088897705078125,212.90158081054688,143.4200897216797
4.234047889709473,162.3568115234375,61.568321228027344
3.9372620582580566,154.75881958007812,109.98005676269531
4.646981239318848,152.82762145996094,86.78895568847656
6.158377170562744,175.21902465820312,68.22442626953125
5.7685933113098145,202.86080932617188,60.59984588623047
4.677647590637207,193.7428436279297,120.63175201416016
4.240058422088623,189.05076599121094,68.74861907958984
9.42041301727295,171.76266479492188,74.01004791259766
3.5950963497161865,207.08224487304688,88.76529693603516
4.320423126220703,157.84515380859375,61.20505905151367
4.369909763336182,168.91848754882812,61.53667449951172
4.090911388397217,135.70384216308594,68.56649780273438
6.063263416290283,144.32455444335938,73.91571044921875
4.875463962554932,177.91574096679688,63.372135162353516
5.457521915435791,182.2284698486328,74.02278900146484
3.9990718364715576,157.5149383544922,57.79507064819336
4.648772239685059,117.9122543334961,98.24652099609375
4.435737133026123,197.97891235351562,98.29170227050781
4.215121746063232,192.9569854736328,90.16560363769531
5.526422023773193,188.51344299316406,65.88765716552734
4.207382678985596,203.59671020507812,58.3082275390625
4.354702949523926,168.9628448486328,53.65559387207031
5.060276508331299,176.96099853515625,59.48795700073242
4.153031826019287,213.60646057128906,91.25391387939453
7.130415439605713,158.17018127441406,65.15471649169922
4.7154998779296875,201.6385498046875,66.68380737304688
3.6659646034240723,192.16282653808594,70.79727935791016
4.376205921173096,164.75938415527344,68.63261413574219
3.664574384689331,170.75717163085938,81.43148803710938
5.113953590393066,159.39817810058594,59.98219299316406
4.865176677703857,187.27655029296875,58.78765106201172
3.574186086654663,193.04440307617188,72.13623809814453
4.65561580657959,172.4472198486328,72.45806121826172
4.105792999267578,194.5657958984375,87.80875396728516
4.505300045013428,192.27078247070312,65.5003662109375
4.914198398590088,185.9090118408203,70.13252258300781
7.677717685699463,121.3979263305664,79.3763656616211
5.113129615783691,205.5917510986328,77.99793243408203
4.920327663421631,141.65809631347656,68.49840545654297
4.7163519859313965,186.3771209716797,66.68264770507812
3.910102128982544,199.70989990234375,61.09482192993164
3.6834144592285156,186.35659790039062,86.11739349365234
4.78889799118042,210.30442810058594,72.90821838378906
4.4458327293396,213.51608276367188,69.95948791503906
3.471203565597534,202.29945373535156,76.74278259277344
5.942202091217041,155.49893188476562,54.38678741455078
4.8589324951171875,181.0388946533203,97.85841369628906
4.649147987365723,157.48585510253906,55.59914779663086
4.985560894012451,188.89865112304688,65.78137969970703
6.95229959487915,153.47813415527344,78.7762451171875
4.712758541107178,179.5534210205078,80.54426574707031
4.282132625579834,184.91542053222656,67.62493133544922
4.3930768966674805,231.53257751464844,50.59514617919922
3.9749367237091064,147.89891052246094,71.4395751953125
3.9244937896728516,180.2847900390625,71.52278137207031
4.6975998878479,167.9551239013672,59.358238220214844
5.768786907196045,171.92083740234375,98.80754089355469
3.4004485607147217,196.21934509277344,82.52149963378906
4.372342109680176,166.26058959960938,94.93592071533203
3.685427188873291,168.39437866210938,70.52964782714844
4.180957317352295,180.73110961914062,51.101104736328125
4.814466953277588,245.64144897460938,74.66107177734375
4.1834259033203125,176.39207458496094,74.76730346679688
4.29186487197876,165.8637237548828,72.20103454589844
4.465359210968018,126.5364761352539,101.36387634277344
3.601874589920044,188.33827209472656,64.92240905761719
4.832353591918945,140.42697143554688,63.50324630737305
4.426577091217041,173.25157165527344,77.6281509399414
4.005203723907471,170.48455810546875,62.179054260253906
4.868747234344482,136.28700256347656,65.06668853759766
4.357280254364014,207.39404296875,74.26023864746094
4.952114105224609,220.70826721191406,66.392822265625
5.632032871246338,171.25228881835938,91.36695861816406
3.6834800243377686,201.16180419921875,55.80160140991211
4.599547863006592,111.85095977783203,67.9370346069336
3.8899002075195312,189.55865478515625,100.23844146728516
4.444768905639648,238.6936798095703,73.64804077148438
5.945504665374756,143.38087463378906,62.433982849121094
5.4876861572265625,197.78590393066406,70.72254180908203
4.134995460510254,164.51853942871094,70.7058334350586
4.265699863433838,188.7793426513672,64.42767333984375
3.3623764514923096,124.9760513305664,55.71500778198242
3.9221420288085938,145.05169677734375,51.981849670410156
4.285646915435791,190.9443817138672,77.39710998535156
4.54074239730835,214.26063537597656,83.21562957763672
4.395720958709717,193.25225830078125,65.3621826171875
4.0936784744262695,180.99752807617188,80.07563018798828
3.7158238887786865,155.8616943359375,74.62696075439453
3.7796661853790283,139.00823974609375,67.68695831298828
4.944366455078125,158.2690887451172,70.990234375
3.8946869373321533,162.4237518310547,57.63234329223633
5.21752405166626,191.5495147705078,83.85395050048828
5.8249101638793945,177.45855712890625,73.7132339477539
3.913999319076538,232.6599578857422,96.37448120117188
4.740711212158203,141.18019104003906,67.87769317626953
3.9184365272521973,221.402099609375,70.51651763916016
5.7323527336120605,157.28189086914062,96.14098358154297
4.25286865234375,208.0454559326172,110.23390197753906
4.316230297088623,156.0269775390625,71.85710144042969
4.862274169921875,157.0846405029297,61.499725341796875
4.37300443649292,178.4048309326172,65.27913665771484
4.768831729888916,172.44058227539062,67.26237487792969
5.092094421386719,223.43585205078125,59.32769012451172
4.345992565155029,157.45289611816406,67.49764251708984
3.3452515602111816,160.6233367919922,64.06575012207031
4.613999843597412,174.94229125976562,64.96611785888672
5.056495666503906,181.52430725097656,71.75525665283203
4.492894649505615,200.69374084472656,69.88690185546875
4.616315841674805,165.24960327148438,60.486793518066406
3.8813788890838623,173.15745544433594,64.47280883789062
4.742181301116943,177.19517517089844,470.7197265625
4.4452691078186035,187.43031311035156,64.27407836914062
4.507376194000244,221.6664276123047,75.41175079345703
4.088203430175781,187.7502899169922,53.64297103881836
5.012513160705566,189.66885375976562,76.08383178710938
4.130410671234131,184.80450439453125,64.39478302001953
4.167261600494385,142.0938262939453,64.72496032714844
5.369288444519043,214.869140625,56.42082214355469
4.959664821624756,165.85984802246094,133.8306121826172
3.396627187728882,158.1884307861328,55.852542877197266
3.458265781402588,146.28775024414062,63.668941497802734
4.754626274108887,230.4084930419922,80.36653137207031
4.557490825653076,189.73858642578125,68.90973663330078
4.660849571228027,169.47190856933594,64.83118438720703
4.625016689300537,148.04090881347656,78.08551788330078
4.57352876663208,185.9066162109375,64.6363525390625
4.333456516265869,228.0485076904297,64.52684020996094
4.094146251678467,199.0839080810547,65.09636688232422
4.4548773765563965,198.58644104003906,70.96546173095703
3.619112491607666,145.88784790039062,66.05878448486328
4.1605730056762695,246.85662841796875,84.67466735839844
5.071569919586182,139.1022186279297,76.45576477050781
4.77133321762085,171.40345764160156,66.74715423583984
4.031163692474365,196.0916290283203,57.593875885009766
3.6127376556396484,184.0141143798828,59.443058013916016
4.809455871582031,127.24617004394531,52.67613983154297
4.571932315826416,214.335693359375,105.45661163330078
4.517426013946533,143.30284118652344,63.63642120361328
3.8212966918945312,201.44723510742188,74.56636047363281
3.8442654609680176,196.93153381347656,70.3743896484375
3.6743016242980957,175.4718475341797,70.2496109008789
4.649510383605957,199.7836151123047,162.01754760742188
4.746621608734131,173.84646606445312,67.75216674804688
4.640983581542969,162.57330322265625,106.70490264892578
3.71457839012146,196.6092987060547,61.85296630859375
4.304861545562744,233.83876037597656,58.3916130065918
4.292959213256836,168.95545959472656,76.79734802246094
4.0888352394104,211.69175720214844,79.64437866210938
4.58474063873291,150.41502380371094,50.422889709472656
3.960611343383789,138.86231994628906,66.59278869628906
5.1372880935668945,141.85585021972656,79.40132904052734
4.372847080230713,120.30046081542969,61.817771911621094
4.208611965179443,157.9436798095703,53.501075744628906
3.9273324012756348,158.6280975341797,69.4281005859375
4.264212131500244,222.640869140625,86.07246398925781
4.7269768714904785,170.5137939453125,66.03853607177734
3.8966472148895264,151.47744750976562,59.80021286010742
4.17544412612915,213.6390838623047,73.69322204589844
4.788759231567383,185.1424560546875,104.06370544433594
5.549197196960449,238.84283447265625,71.90357971191406
4.432645797729492,161.13580322265625,60.7391242980957
4.365760803222656,185.5232696533203,83.89013671875
4.855233669281006,189.64337158203125,60.87384796142578
4.543552398681641,142.7210693359375,55.931495666503906
4.534148693084717,187.21795654296875,125.16541290283203
4.995856761932373,142.65008544921875,60.969017028808594
3.761457920074463,185.71337890625,59.86573028564453
4.138453960418701,157.0765380859375,77.82128143310547
4.579504013061523,186.402099609375,78.85204315185547
4.639042377471924,188.14878845214844,57.885318756103516
3.403521776199341,194.38026428222656,103.97016906738281
4.086773872375488,229.43882751464844,63.73259353637695
4.270509243011475,154.23936462402344,51.74601745605469
4.607702732086182,197.39483642578125,91.48528289794922
3.961826801300049,180.1182861328125,188.11842346191406
3.3966903686523438,188.40672302246094,98.00363159179688
4.42990255355835,223.6739959716797,60.47027587890625
3.9164962768554688,211.17935180664062,77.2286376953125
3.734088897705078,251.54104614257812,78.82234954833984
5.358151435852051,132.0104217529297,60.56380844116211
4.6986165046691895,187.1117401123047,79.18474578857422
3.751371145248413,201.5123748779297,82.4716796875
4.1025567054748535,190.7545928955078,71.02940368652344
4.7278971672058105,249.00274658203125,67.90815734863281
3.2910664081573486,165.01394653320312,60.46660614013672
4.056760311126709,180.15521240234375,60.74685287475586
4.872270107269287,210.57940673828125,74.95594787597656
4.54825496673584,239.17514038085938,140.91290283203125
4.372580051422119,120.41800689697266,77.10626983642578
5.766078472137451,214.85784912109375,74.4143295288086
4.46965217590332,161.92623901367188,54.65534973144531
3.6971137523651123,169.7673797607422,270.32049560546875
5.604682445526123,214.1160125732422,77.58075714111328
3.9269626140594482,201.08078002929688,64.83487701416016
5.19259786605835,203.0813446044922,91.22996520996094
4.931365489959717,162.1855010986328,61.671531677246094
4.313632488250732,157.2891082763672,69.46401977539062
4.678205966949463,214.07640075683594,82.39713287353516
5.281507968902588,167.37977600097656,75.79869079589844
4.033381462097168,224.1404571533203,89.01852416992188
4.49855375289917,188.3975372314453,71.99053955078125
5.470827579498291,184.42440795898438,79.0367660522461
4.00381326675415,187.18360900878906,78.66075897216797
5.355636119842529,140.71775817871094,57.19983673095703
4.462425231933594,192.0564727783203,85.05682373046875
4.868402004241943,158.99024963378906,62.528324127197266
4.195492744445801,170.48268127441406,70.27291870117188
3.421051025390625,147.6505126953125,64.30696105957031
4.0141730308532715,194.46702575683594,5573.46337890625
4.471086502075195,146.3582000732422,53.98065948486328
5.474904537200928,155.06625366210938,69.46470642089844
5.783449649810791,156.88577270507812,82.54706573486328
6.294663906097412,225.7982940673828,98.67631530761719
4.299266815185547,175.3511962890625,69.56880187988281
4.647818565368652,175.25189208984375,98.07081604003906
4.156088352203369,199.63331604003906,71.97579956054688
4.175572872161865,235.38885498046875,77.01509094238281
3.7915122509002686,197.2795867919922,76.4939956665039
4.338040828704834,169.92343139648438,70.33296203613281
4.558195114135742,159.8759765625,62.63313293457031
4.180528163909912,190.11837768554688,87.1017074584961
4.415384292602539,149.3581085205078,65.96381378173828
4.902647495269775,242.00204467773438,92.87251281738281
3.93571400642395,169.603515625,80.777099609375
4.4426751136779785,168.52822875976562,61.2349739074707
4.231472969055176,163.16490173339844,79.33171081542969
4.141279697418213,187.17503356933594,51.21089172363281
4.6798930168151855,191.28207397460938,72.37370300292969
4.1300249099731445,200.93771362304688,71.3858413696289
5.201999187469482,226.90939331054688,74.2811279296875
4.522386074066162,190.36492919921875,71.99197387695312
3.5520222187042236,155.40147399902344,72.80350494384766
4.363097667694092,190.5492706298828,66.69334411621094
4.412447452545166,133.603515625,71.64573669433594
4.727784633636475,163.48048400878906,63.222198486328125
4.665005683898926,139.83419799804688,66.46176147460938
4.045562267303467,124.24785614013672,63.403892517089844
4.8643107414245605,152.66709899902344,62.40117645263672
4.628015995025635,182.390625,75.78187561035156
5.12864875793457,214.0814666748047,72.51222229003906
4.074538707733154,184.15362548828125,58.21519470214844
4.111937046051025,161.68804931640625,47.905616760253906
4.028675556182861,183.07681274414062,57.7559700012207
4.439816951751709,124.20249938964844,221.67913818359375
4.182017803192139,185.50694274902344,72.8140869140625
5.164229869842529,162.11827087402344,70.76741027832031
5.035221099853516,179.1980438232422,212.56466674804688
6.656964302062988,165.58482360839844,65.32328033447266
4.330633640289307,178.62643432617188,55.89009475708008
4.317515850067139,230.6951904296875,70.01112365722656
3.882280111312866,167.91078186035156,68.07172393798828
4.566727638244629,198.968994140625,74.79513549804688
5.23318338394165,160.05905151367188,61.1424446105957
3.9037930965423584,138.64369201660156,68.80632019042969
4.937331199645996,238.33778381347656,80.10990905761719
3.7857048511505127,204.55001831054688,64.77051544189453
5.086568832397461,167.23281860351562,64.7308349609375
4.4747443199157715,171.7727508544922,66.40879821777344
4.0974249839782715,185.4580535888672,161.17221069335938
3.7504501342773438,228.1322479248047,71.18132019042969
5.096424102783203,188.91477966308594,83.20980834960938
4.039440155029297,243.59120178222656,88.49436950683594
4.415379047393799,163.61607360839844,63.681190490722656
3.443268299102783,163.30526733398438,56.55807113647461
4.002887725830078,186.68417358398438,91.46563720703125
4.826873302459717,151.48501586914062,63.37440490722656
3.7082459926605225,174.3142852783203,97.40914154052734
4.322348594665527,160.95330810546875,85.08917236328125
4.4838151931762695,178.5410614013672,56.511592864990234
4.2906494140625,206.47720336914062,82.95654296875
4.486061096191406,187.83998107910156,74.46939086914062
3.6309432983398438,163.32681274414062,64.88792419433594
4.730407238006592,208.19996643066406,66.45661926269531
6.2428388595581055,171.9932861328125,52.679603576660156
4.491964817047119,194.13632202148438,70.37612915039062
5.540843963623047,171.3482666015625,78.83084106445312
3.652615785598755,204.9517364501953,69.00625610351562
4.174737453460693,182.18807983398438,79.21525573730469
4.617043495178223,198.190185546875,93.56031036376953
4.828233242034912,192.10784912109375,95.55985260009766
4.4759440422058105,209.98690795898438,172.54275512695312
4.9831366539001465,182.0538787841797,81.32377624511719
4.323789119720459,188.12074279785156,73.33306884765625
5.6089558601379395,137.79457092285156,73.37134552001953
5.43319034576416,185.25927734375,79.50788879394531
4.257172584533691,154.3362274169922,77.61436462402344
5.9823317527771,187.26077270507812,63.0706787109375
4.571242332458496,186.99578857421875,71.90960693359375
5.268871307373047,166.36170959472656,138.5913848876953
5.512336730957031,191.73895263671875,91.8376235961914
3.94148325920105,146.73451232910156,57.62638473510742
4.336104869842529,137.156005859375,61.293983459472656
4.58858060836792,158.5326385498047,149.3424530029297
4.5526509284973145,158.05203247070312,57.56575393676758
4.781680107116699,156.6986083984375,64.04435729980469
4.100661754608154,136.0026397705078,65.8524169921875
4.777004718780518,206.5572967529297,100.5273208618164
5.551004409790039,104.195556640625,69.0111312866211
3.711016893386841,123.11181640625,207.7405242919922
4.687865734100342,158.59066772460938,60.0875129699707
4.59997034072876,183.0910186767578,99.1783447265625
4.305070400238037,171.4095458984375,60.751216888427734
4.133872985839844,184.8592529296875,169.20892333984375
3.69929575920105,170.8443145751953,91.9703598022461
5.110867977142334,177.96080017089844,69.91209411621094
4.331963062286377,182.8308563232422,71.91947937011719
4.7722697257995605,197.1824951171875,52.43496322631836
4.6428351402282715,175.2519989013672,92.68314361572266
5.697934627532959,170.97813415527344,181.45596313476562
4.445645809173584,146.66880798339844,53.50910949707031
4.565934181213379,205.28753662109375,57.460086822509766
4.576389312744141,145.06716918945312,76.63174438476562
4.51690673828125,180.78187561035156,64.23338317871094
5.114491939544678,200.9536895751953,55.67898178100586
4.018364906311035,162.642822265625,77.07090759277344
4.285632610321045,202.45230102539062,65.73709106445312
5.045807838439941,157.2644500732422,66.2722396850586
4.275581359863281,172.76866149902344,67.51758575439453
5.303732395172119,150.16323852539062,66.07344055175781
3.778526782989502,180.8724822998047,62.57169723510742
4.323962688446045,161.56002807617188,69.37285614013672
5.1087565422058105,193.2880401611328,69.93274688720703
6.845211982727051,160.9725799560547,71.32681274414062
3.561840772628784,152.9181365966797,55.90831756591797
5.004437446594238,185.80718994140625,78.51992797851562
3.539755344390869,136.4504852294922,46.71611022949219
4.749003887176514,149.22593688964844,70.69670867919922
4.462801933288574,147.7098846435547,63.0382080078125
4.517005443572998,165.56236267089844,58.07570266723633
4.669292449951172,181.51657104492188,60.077392578125
4.967992305755615,180.94476318359375,70.90509796142578
4.383328914642334,171.32545471191406,73.92428588867188
4.392014980316162,219.96632385253906,75.20684814453125
4.081206798553467,171.975341796875,58.298091888427734
3.7791011333465576,193.95309448242188,61.3527717590332
4.253286838531494,213.81761169433594,67.0341796875
4.239131450653076,137.34036254882812,66.25482940673828
4.660691738128662,219.55413818359375,80.53536987304688
4.729032039642334,213.62322998046875,75.83406829833984
4.097564220428467,229.04136657714844,68.50885009765625
4.113921642303467,208.413818359375,75.02857971191406
5.335046291351318,151.89869689941406,61.151676177978516
4.608508586883545,147.4025115966797,83.02069091796875
3.584704637527466,181.1791534423828,84.26495361328125
4.419705867767334,201.7575225830078,83.78855895996094
4.887061595916748,174.9467010498047,71.97254180908203
4.298145294189453,187.34744262695312,77.08497619628906
5.1697492599487305,169.4150848388672,82.94677734375
4.892951488494873,200.08853149414062,80.12461853027344
3.9900460243225098,183.2838897705078,104.16958618164062
3.970062255859375,182.83132934570312,92.33970642089844
3.8504791259765625,149.3587188720703,104.81376647949219
4.158926486968994,197.24513244628906,63.404876708984375
4.025003433227539,130.05531311035156,59.66621017456055
4.597138404846191,195.85897827148438,65.21804809570312
3.980168581008911,192.29656982421875,75.47654724121094
4.3998613357543945,182.28489685058594,60.417320251464844
5.06069803237915,187.0795135498047,73.3242416381836
4.658026695251465,209.27980041503906,76.40773010253906
4.191962718963623,169.5848846435547,71.05093383789062
4.292968273162842,134.0535888671875,70.25849914550781
4.0443572998046875,245.75259399414062,52.17176055908203
4.556266784667969,211.44468688964844,61.84387969970703
5.765552997589111,131.05099487304688,44.033485412597656
5.154385566711426,139.49050903320312,70.1969223022461
5.338566303253174,131.3279571533203,87.79354095458984
4.744378566741943,132.6827850341797,68.45182800292969
4.361035346984863,146.84603881835938,54.19688415527344
5.216742992401123,174.08506774902344,105.70077514648438
4.593838214874268,201.2568359375,76.2647933959961
4.355288982391357,182.3322296142578,69.7210922241211
3.7081539630889893,153.9282684326172,63.19916915893555
4.078624248504639,175.85079956054688,89.8822021484375
5.473618030548096,209.89364624023438,97.53070068359375
4.155845642089844,164.00128173828125,88.08506774902344
5.7557806968688965,169.90182495117188,73.98230743408203
4.575265407562256,174.5553741455078,83.90174865722656
4.593885898590088,228.3080596923828,57.53424835205078
4.961846351623535,183.4192352294922,56.235450744628906
4.297245502471924,170.623046875,50.47868347167969
4.0129008293151855,238.8788604736328,72.27316284179688
4.479579925537109,144.79177856445312,74.28034210205078
3.6683521270751953,206.6138916015625,88.27635955810547
3.9015328884124756,152.8326873779297,57.30570602416992
4.717892646789551,172.75570678710938,91.91079711914062
5.043271541595459,131.4376220703125,51.809776306152344
4.381011486053467,156.46681213378906,54.3379020690918
4.589170932769775,166.41949462890625,46.15736389160156
4.412055969238281,139.99179077148438,74.52363586425781
3.9079792499542236,160.64840698242188,66.20513916015625
4.036504745483398,172.0828857421875,70.24717712402344
5.361145496368408,203.12939453125,63.10099792480469
4.103847503662109,223.59336853027344,78.44331359863281
4.388672828674316,189.59896850585938,64.50355529785156
5.2552690505981445,130.02745056152344,61.40142059326172
3.9247167110443115,248.19607543945312,82.80069732666016
4.668670177459717,217.69192504882812,82.00167083740234
4.077411651611328,217.0692901611328,65.36428833007812
4.860118389129639,259.3103942871094,84.77110290527344
4.644071102142334,184.77857971191406,80.46072387695312
3.8503568172454834,205.78163146972656,70.06034851074219
3.8948891162872314,137.1678924560547,77.65351867675781
3.437873125076294,207.33560180664062,60.19779968261719
4.230893135070801,204.93069458007812,57.0399055480957
3.8868744373321533,164.29669189453125,70.975341796875
4.780887603759766,251.68817138671875,105.54218292236328
4.370014667510986,192.79049682617188,73.79244232177734
3.9872090816497803,137.89442443847656,139.46600341796875
5.332759857177734,200.11851501464844,136.5124053955078
4.063598155975342,216.938720703125,82.43572235107422
4.495211124420166,164.36428833007812,97.82318115234375
4.638044834136963,223.08047485351562,69.687744140625
4.23402738571167,169.2305145263672,60.276161193847656
3.701559066772461,155.65423583984375,66.37336730957031
3.897847890853882,148.6388397216797,63.47100067138672
4.594564437866211,165.0192413330078,53.72541427612305
4.083026885986328,196.59335327148438,64.93670654296875
4.178565979003906,217.71702575683594,69.20278930664062
4.719851970672607,256.3068542480469,69.35116577148438
5.0139079093933105,240.4816131591797,77.48797607421875
4.966212272644043,205.2994842529297,95.13054656982422
4.398655414581299,173.80393981933594,67.1563720703125
4.3714189529418945,186.09535217285156,77.13154602050781
6.493571758270264,141.2335205078125,63.76372528076172
4.12354850769043,194.1971435546875,65.1432876586914
4.741147518157959,181.5433349609375,64.10850524902344
4.083863735198975,196.76710510253906,74.38643646240234
3.8976857662200928,188.4799041748047,61.62576675415039
4.262303352355957,202.31590270996094,92.38480377197266
3.659566640853882,162.41522216796875,70.79824829101562
4.303602695465088,183.96142578125,79.6053466796875
5.372296333312988,165.05625915527344,72.97357940673828
4.3824310302734375,169.4150390625,64.85514831542969
4.513491153717041,214.45504760742188,77.36215209960938
5.059624671936035,169.1899871826172,72.48100280761719
4.709289073944092,203.28775024414062,84.8419189453125
4.2846808433532715,154.04566955566406,60.6005973815918
3.9949519634246826,183.40753173828125,61.524497985839844
4.82401704788208,179.8861083984375,70.6614990234375
4.0523295402526855,143.9453582763672,77.91928100585938
5.855625629425049,134.75643920898438,75.98575592041016
4.302663326263428,125.84133911132812,63.148433685302734
4.7753496170043945,145.50537109375,73.13481140136719
5.305278778076172,174.83560180664062,53.703338623046875
3.8338029384613037,225.90890502929688,53.82372283935547
4.064205169677734,167.03330993652344,88.74586486816406
4.191152095794678,178.63931274414062,68.20726013183594
6.613263130187988,190.74948120117188,198.57456970214844
5.365883827209473,173.08787536621094,87.38997650146484
4.225387096405029,163.56887817382812,80.17960357666016
6.0546064376831055,235.7190704345703,81.11055755615234
4.85609769821167,224.05410766601562,67.54159545898438
4.652329921722412,152.43344116210938,76.81370544433594
4.5876898765563965,134.03636169433594,59.9090576171875
4.484769821166992,204.85665893554688,75.74301147460938
4.171853542327881,193.4088592529297,65.75447082519531
4.072685241699219,163.1034698486328,91.6124038696289
4.365268230438232,220.80580139160156,65.38621520996094
4.454963207244873,160.99607849121094,65.82228088378906
3.670902967453003,175.43365478515625,89.70181274414062
4.032218933105469,161.37826538085938,78.48080444335938
3.809015989303589,228.47035217285156,77.12454986572266
3.753126859664917,167.24099731445312,76.3788070678711
4.238667964935303,144.26898193359375,60.26384353637695
5.245793342590332,185.13951110839844,65.87803649902344
4.268965721130371,178.95375061035156,54.85575866699219
4.048023700714111,175.9839630126953,71.52388763427734
5.06502103805542,156.0531005859375,65.92462921142578
4.761682033538818,207.48110961914062,75.44082641601562
4.512911796569824,146.3056182861328,62.37482452392578
4.676933288574219,186.1525115966797,70.16749572753906
4.351058006286621,168.1226806640625,59.14892578125
4.41993522644043,220.36422729492188,78.86408233642578
4.197811603546143,177.8885498046875,77.19217681884766
4.267945289611816,189.96392822265625,82.38349151611328
4.081783294677734,141.4475555419922,69.43307495117188
4.60766077041626,201.39358520507812,76.92022705078125
4.598017692565918,230.53929138183594,65.61619567871094
3.8582558631896973,149.4824676513672,53.44605255126953
4.35870361328125,252.64822387695312,87.56404113769531
5.25269079208374,202.41001892089844,71.04794311523438
5.212233066558838,165.61959838867188,64.79643249511719
4.41463041305542,194.05438232421875,71.93135833740234
4.922626495361328,236.81211853027344,82.56185913085938
3.885420322418213,162.53372192382812,54.4635009765625
4.665482044219971,136.65972900390625,63.172733306884766
4.359845161437988,211.63601684570312,147.19497680664062
3.5190300941467285,122.94352722167969,53.74163818359375
4.516456604003906,236.25537109375,77.14468383789062
4.382864475250244,209.6124725341797,69.9520492553711
3.3072681427001953,211.5071563720703,57.543121337890625
5.225790500640869,139.65826416015625,69.37826538085938
4.90132474899292,183.15638732910156,69.8252944946289
4.172769069671631,140.0157928466797,64.2884521484375
6.2443766593933105,196.59906005859375,77.36032104492188
3.9416134357452393,198.56729125976562,80.55570983886719
5.4450554847717285,165.3512420654297,108.7259750366211
5.190430641174316,201.27154541015625,72.02519226074219
4.226363658905029,201.9126434326172,60.175018310546875
4.882316589355469,181.03404235839844,73.55099487304688
4.397204875946045,217.11537170410156,78.35275268554688
4.144469738006592,156.47792053222656,109.20051574707031
4.745689392089844,186.24107360839844,72.81971740722656
6.929487705230713,184.32452392578125,72.9336166381836
5.011586666107178,242.559326171875,59.63079833984375
4.258575439453125,153.99880981445312,51.343387603759766
5.05579137802124,157.49574279785156,188.322998046875
4.267806529998779,170.21104431152344,67.18203735351562
3.868185520172119,183.640625,84.83625793457031
4.548205375671387,156.27716064453125,105.64662170410156
4.169932842254639,172.5184326171875,68.39566802978516
3.7346999645233154,202.76272583007812,72.63996887207031
3.956115484237671,212.05003356933594,71.42425537109375
4.576676845550537,136.26856994628906,53.440486907958984
4.195173740386963,149.8765411376953,65.42082977294922
3.6297786235809326,248.58767700195312,76.42906188964844
3.741170644760132,145.31980895996094,76.86809539794922
4.508518218994141,177.01612854003906,62.75346755981445
4.5323028564453125,211.23358154296875,87.02584838867188
4.279475688934326,163.58998107910156,56.17414093017578
4.88378381729126,152.6283721923828,60.06477355957031
4.128507137298584,174.45358276367188,106.69169616699219
4.069465160369873,157.56787109375,66.44098663330078
5.750783443450928,249.5341796875,90.4601821899414
4.613099575042725,158.32467651367188,56.79479217529297
4.659677028656006,156.4879150390625,47.60881042480469
3.5910980701446533,168.98097229003906,49.45622253417969
5.6170196533203125,190.95823669433594,57.41936492919922
4.433263301849365,170.64920043945312,58.57837677001953
4.534931182861328,155.03070068359375,70.96540832519531
3.8169891834259033,154.25816345214844,75.74742126464844
4.132491111755371,177.7062225341797,63.067626953125
3.9805657863616943,136.5099639892578,69.13102722167969
4.072897434234619,227.0169677734375,64.95140075683594
4.093803882598877,193.49256896972656,80.15741729736328
4.2939910888671875,230.33489990234375,73.07933807373047
5.46687650680542,121.03805541992188,54.397666931152344
5.236849308013916,134.25250244140625,61.052310943603516
4.8778791427612305,146.32308959960938,63.52420425415039
4.526401519775391,208.2959442138672,85.1187973022461
4.749847412109375,148.25086975097656,62.27829360961914
5.026167392730713,169.92138671875,87.67049407958984
4.058387279510498,182.6105499267578,86.95803833007812
4.958890438079834,237.7260284423828,70.58021545410156
13.162012100219727,172.9092559814453,78.49100494384766
4.373880386352539,179.2518768310547,95.9891357421875
6.871718883514404,222.62644958496094,75.5234375
5.372129917144775,160.6012420654297,61.176795959472656
3.853940725326538,145.15029907226562,67.87943267822266
4.2527756690979,149.1398468017578,66.14009857177734
4.532991409301758,175.0885467529297,65.98187255859375
4.496480941772461,131.86019897460938,55.05376434326172
5.936534881591797,172.29806518554688,67.48971557617188
6.066976070404053,158.4877471923828,100.8895263671875
4.409867763519287,149.32289123535156,57.39238739013672
4.616842269897461,230.2814178466797,71.58621215820312
4.642591953277588,181.42132568359375,73.88621520996094
3.9865658283233643,200.5851593017578,61.2694206237793
4.26409912109375,175.1767578125,70.30147552490234
4.6899027824401855,176.630615234375,113.51464080810547
3.6556663513183594,198.3402862548828,99.17655944824219
4.852102756500244,175.39210510253906,71.39547729492188
4.612441539764404,189.98948669433594,71.64043426513672
4.454855442047119,205.4763641357422,86.39238739013672
5.203372955322266,212.71923828125,70.16497802734375
4.214477062225342,230.24375915527344,74.18927764892578
4.5065836906433105,183.0411834716797,61.23064041137695
4.6656718254089355,192.52996826171875,81.76101684570312
4.85598087310791,147.48330688476562,66.97582244873047
3.418843984603882,140.4680633544922,116.71138000488281
4.412576198577881,141.1775360107422,70.069091796875
4.783512115478516,188.89671325683594,54.13530349731445
3.758479356765747,163.31784057617188,59.34730911254883
4.355607509613037,119.86897277832031,60.349124908447266
4.4032440185546875,163.7344512939453,42.22029495239258
4.093705654144287,195.88327026367188,66.3486328125
4.940835952758789,202.09767150878906,67.52139282226562
4.856197357177734,152.8423614501953,55.30344772338867
3.827531576156616,170.3048858642578,63.13599395751953
4.611593246459961,209.75857543945312,63.08296203613281
4.108367919921875,168.2794952392578,55.36088943481445
8.430975914001465,217.34451293945312,65.072998046875
4.713032245635986,155.87184143066406,60.11703109741211
4.059530735015869,188.4149932861328,50.54271697998047
5.114949703216553,217.77337646484375,82.04605102539062
4.650794506072998,230.26657104492188,72.94303894042969
3.4465179443359375,154.33241271972656,59.66340255737305
3.9731266498565674,189.89833068847656,67.98594665527344
3.6121315956115723,156.29995727539062,54.896034240722656
5.333255767822266,138.4086456298828,74.38020324707031
4.8557634353637695,161.1231689453125,50.91128921508789
4.49281120300293,187.98260498046875,71.21449279785156
4.459568977355957,168.16151428222656,69.500732421875
4.425771236419678,192.5465545654297,108.27766418457031
4.844134330749512,167.16128540039062,59.014404296875
5.164673805236816,178.99842834472656,59.06169891357422
4.330761432647705,197.57411193847656,80.18640899658203
4.189503192901611,113.45330047607422,57.4088020324707
5.079873561859131,137.88377380371094,69.15564727783203
4.27147912979126,162.37179565429688,51.4561653137207
9.538776397705078,132.48068237304688,88.05889129638672
4.877804756164551,169.93695068359375,62.686859130859375
4.371764659881592,267.7476501464844,76.01277160644531
4.544589996337891,198.408203125,3839.92529296875
3.9657418727874756,159.60816955566406,52.304500579833984
4.448745250701904,138.68373107910156,63.9770622253418
5.323888301849365,183.8783721923828,84.45890045166016
4.4825439453125,138.79627990722656,131.31787109375
3.818431854248047,173.70033264160156,85.70756530761719
4.524926662445068,205.16275024414062,72.22178649902344
5.025750637054443,192.9775390625,124.07146453857422
4.527360439300537,169.2467803955078,89.19461059570312
4.355538368225098,170.80966186523438,68.0888900756836
4.541005611419678,200.02023315429688,61.50898361206055
4.477738380432129,165.0262908935547,64.14865112304688
4.493662357330322,159.31124877929688,73.45095825195312
4.356530666351318,169.3168487548828,72.88658905029297
5.279996395111084,213.18861389160156,76.58880615234375
5.15470552444458,208.4363555908203,77.14237213134766
4.989067077636719,193.08160400390625,63.129913330078125
4.265785217285156,203.79266357421875,64.41957092285156
4.347900867462158,215.73423767089844,79.98257446289062
5.476319313049316,188.37625122070312,56.25540542602539
4.703139781951904,179.18392944335938,74.79071044921875
4.3674540519714355,139.39413452148438,70.6410903930664
4.267942428588867,161.5303192138672,68.84130859375
5.38460111618042,190.80140686035156,63.48114013671875
4.010808944702148,147.68504333496094,72.13322448730469
13.072720527648926,213.2332305908203,96.16331481933594
4.389438152313232,173.72625732421875,66.92422485351562
4.4178571701049805,221.2998504638672,74.04298400878906
4.789973735809326,191.1533203125,76.74400329589844
4.173574924468994,158.99554443359375,66.96798706054688
3.709052324295044,203.28045654296875,58.81684494018555
4.25400972366333,194.1199188232422,90.71672058105469
3.788909673690796,225.72520446777344,61.387550354003906
4.466884136199951,184.2262420654297,71.99531555175781
4.537014961242676,197.35302734375,69.56269073486328
4.228699684143066,134.85855102539062,54.791038513183594
4.834794521331787,153.24215698242188,58.00869369506836
3.5012528896331787,190.04486083984375,65.10686492919922
4.191049098968506,159.4163055419922,69.90061950683594
4.483069896697998,234.634033203125,80.67622375488281
5.5150275230407715,226.65235900878906,78.91957092285156
4.829519748687744,176.22705078125,60.557525634765625
5.00684118270874,144.7809295654297,77.80963897705078
4.183923721313477,177.1463165283203,75.44445037841797
5.437546730041504,182.23855590820312,71.87007904052734
4.458702087402344,134.35354614257812,65.44908142089844
5.142176151275635,162.6219940185547,81.07933044433594
4.361781597137451,145.94137573242188,78.71674346923828
4.5354695320129395,235.3855438232422,78.2512435913086
4.075054168701172,189.71087646484375,58.035404205322266
4.206509590148926,188.05848693847656,74.58621978759766
4.442396640777588,161.47305297851562,60.779415130615234
5.345282077789307,174.25106811523438,77.80926513671875
3.6641788482666016,171.2120819091797,260.0398254394531
4.471333026885986,225.59571838378906,80.60614013671875
5.7288432121276855,179.31642150878906,69.73161315917969
4.894925594329834,146.12246704101562,66.34530639648438
5.642655849456787,177.64608764648438,73.57243347167969
4.088688850402832,187.86917114257812,63.393550872802734
5.303350925445557,143.64581298828125,65.93536376953125
5.6845927238464355,177.68028259277344,73.09700012207031
3.5495622158050537,143.9952850341797,53.74319076538086
5.3925652503967285,176.79051208496094,67.41170501708984
3.938049077987671,120.02763366699219,64.9548110961914
5.84072208404541,151.0322265625,65.34877014160156
4.8312177658081055,190.57308959960938,81.81011199951172
3.4704034328460693,151.81639099121094,47.75075149536133
3.869457960128784,163.96975708007812,63.534767150878906
4.7474188804626465,203.69667053222656,67.22421264648438
4.337704181671143,175.0426025390625,59.11560821533203
5.573352336883545,219.2334747314453,79.87371826171875
4.491490840911865,116.845947265625,59.72252655029297
4.69878625869751,121.5082778930664,63.545860290527344
5.330590724945068,169.50697326660156,71.49394226074219
4.205865383148193,197.2457733154297,63.953651428222656
5.817116737365723,216.72938537597656,80.20997619628906
4.548887252807617,241.7017059326172,75.84326171875
5.838543891906738,170.07606506347656,55.53240203857422
4.86467170715332,169.85125732421875,79.01583862304688
4.4983134269714355,141.98300170898438,67.96871948242188
4.732532024383545,174.39634704589844,83.15940856933594
4.232602596282959,215.3394317626953,75.36503601074219
3.5033721923828125,169.56362915039062,51.60021209716797
4.822157859802246,179.3368377685547,85.43170928955078
4.873909950256348,188.1456298828125,77.43511962890625
4.056138515472412,139.477783203125,65.01618194580078
4.539620399475098,160.0935516357422,58.17464065551758
4.604072093963623,155.13314819335938,54.088775634765625
3.9291939735412598,203.5760498046875,95.20116424560547
4.1649675369262695,182.578369140625,69.48507690429688
4.242889404296875,187.0784912109375,83.46707916259766
4.513131618499756,179.48187255859375,63.126136779785156
5.601528167724609,212.87303161621094,94.44898986816406
4.837210655212402,200.54751586914062,67.92243957519531
4.182121753692627,163.24609375,57.01451873779297
3.846633195877075,180.46456909179688,75.68213653564453
4.248718738555908,172.54708862304688,56.410282135009766
3.5207557678222656,149.13722229003906,62.29549026489258
3.7276666164398193,196.16664123535156,74.03373718261719
4.254006385803223,146.7526397705078,56.37046813964844
4.013144016265869,126.09581756591797,57.16373825073242
4.744481563568115,233.00257873535156,76.93202209472656
3.824061632156372,166.53421020507812,71.07798767089844
4.433797359466553,196.24163818359375,89.5644760131836
3.977064609527588,176.755126953125,62.514949798583984
4.430150508880615,214.47576904296875,74.81990814208984
4.361975193023682,191.7881622314453,65.29430389404297
5.42763614654541,213.5375213623047,99.10630798339844
4.244792938232422,211.9177703857422,73.29570007324219
4.577121257781982,186.9631805419922,83.22831726074219
4.253335952758789,154.93931579589844,63.115318298339844
4.353637218475342,191.19322204589844,63.65938186645508
4.20958137512207,247.29196166992188,71.16468811035156
4.028260707855225,208.41204833984375,71.16929626464844
3.8246495723724365,224.5365753173828,89.03224182128906
3.704530715942383,198.89085388183594,57.326114654541016
4.398134708404541,170.9157257080078,70.391845703125
4.304015159606934,151.53900146484375,114.00165557861328
4.434159755706787,190.3108367919922,67.22114562988281
5.404860973358154,123.78205871582031,73.9067611694336
4.057864665985107,194.303466796875,71.23302459716797
4.229138374328613,136.81752014160156,69.35343933105469
3.9181206226348877,165.4280548095703,139.26536560058594
4.142470359802246,171.21641540527344,55.286502838134766
4.2659478187561035,197.98423767089844,66.79121398925781
4.563141822814941,207.84107971191406,64.53839874267578
4.272886753082275,170.30950927734375,68.13748931884766
4.398873805999756,200.69033813476562,63.591861724853516
4.302160739898682,229.32254028320312,63.197021484375
4.11947774887085,226.20472717285156,71.0070571899414
3.8387229442596436,163.6472930908203,55.814910888671875
4.822813510894775,192.4098358154297,80.00360107421875
4.7485175132751465,154.50347900390625,55.62173080444336
3.7718658447265625,209.06460571289062,94.27488708496094
4.197824001312256,190.00125122070312,83.94825744628906
4.480187892913818,218.5003204345703,76.31422424316406
3.89658522605896,164.06918334960938,74.73190307617188
4.262523651123047,155.91807556152344,79.19947814941406
4.829400539398193,127.2563247680664,64.98535919189453
4.622829437255859,138.26364135742188,80.14410400390625
4.100589752197266,172.85174560546875,66.94263458251953
4.705966949462891,171.82398986816406,63.978755950927734
4.142963886260986,195.93814086914062,75.60810089111328
3.831317901611328,158.88134765625,71.23167419433594
4.230631351470947,204.90061950683594,63.1786994934082
5.033249378204346,199.98448181152344,59.968387603759766
4.2790961265563965,168.63160705566406,61.4124641418457
4.200441360473633,150.48622131347656,57.87894058227539
4.10273551940918,171.95632934570312,59.05181884765625
4.322547912597656,137.0925750732422,59.40570831298828
4.7544989585876465,180.71994018554688,67.65170288085938
4.841885566711426,198.7959442138672,68.3353500366211
4.148062229156494,184.1724395751953,58.86552810668945
4.68406867980957,250.54576110839844,79.74522399902344
4.59268045425415,213.0481414794922,78.78851318359375
4.722795009613037,177.50616455078125,73.24578857421875
6.178031921386719,141.93589782714844,83.44598388671875
4.726805210113525,222.6086883544922,74.41555786132812
4.310311317443848,161.71876525878906,68.5496597290039
5.332830429077148,126.57777404785156,67.76512145996094
4.139864444732666,221.99488830566406,61.90934753417969
3.890418291091919,116.10679626464844,55.29702377319336
4.531922817230225,171.4089813232422,59.5479850769043
4.214035511016846,190.0196533203125,62.4713134765625
5.9207682609558105,111.63273620605469,59.026695251464844
3.6961288452148438,210.85626220703125,74.40035247802734
4.3527936935424805,154.4933624267578,89.52976989746094
5.0544047355651855,185.17852783203125,65.1375503540039
4.480556011199951,144.0607452392578,55.99380874633789
4.965355396270752,155.52247619628906,85.03329467773438
3.7511048316955566,206.74288940429688,106.08859252929688
4.659614086151123,233.6419219970703,72.14823913574219
4.029243469238281,170.8579559326172,65.58524322509766
3.5699613094329834,192.23890686035156,82.18956756591797
4.2358717918396,152.4809112548828,66.03528594970703
5.5658793449401855,154.841796875,99.75765991210938
4.211583614349365,154.52865600585938,82.07134246826172
4.47443151473999,210.55380249023438,83.49639892578125
3.5084762573242188,171.04986572265625,58.42861557006836
4.515642166137695,162.5647735595703,66.59105682373047
3.240114688873291,143.90093994140625,84.90280151367188
4.9551167488098145,227.1878204345703,74.65139770507812
5.7166571617126465,199.27647399902344,66.31295776367188
4.97147274017334,186.16526794433594,88.81082153320312
4.564319610595703,182.41175842285156,80.58103942871094
4.172715187072754,213.49520874023438,70.6183090209961
4.751867294311523,167.7904510498047,87.33340454101562
4.326718807220459,163.0792999267578,71.78230285644531
5.222361087799072,133.32843017578125,59.831111907958984
4.379864692687988,205.85328674316406,62.05719757080078
5.589477062225342,214.64752197265625,80.72053527832031
4.222532272338867,173.64508056640625,82.38690185546875
4.083609580993652,132.33984375,47.73091506958008
5.466612339019775,202.93443298339844,64.96722412109375
4.300849437713623,180.33694458007812,70.56146240234375
4.1176676750183105,155.2122039794922,64.94912719726562
3.3832671642303467,155.84500122070312,51.467071533203125
4.404603958129883,234.25445556640625,88.970703125
5.207974910736084,154.05982971191406,78.277587890625
4.343746662139893,198.3747100830078,149.747314453125
5.509772777557373,151.04171752929688,74.84757995605469
3.3820149898529053,148.7027130126953,55.5472297668457
4.7735795974731445,252.92808532714844,70.15843963623047
4.808647155761719,243.80184936523438,82.63098907470703
4.619980335235596,202.28868103027344,79.22227478027344
5.186742305755615,166.5548553466797,228.76083374023438
3.9682228565216064,184.0537109375,67.33883666992188
4.174077033996582,199.0751495361328,83.73603820800781
4.457705020904541,184.16021728515625,66.48326110839844
3.991828203201294,176.57476806640625,79.85647583007812
5.6815505027771,165.1226806640625,51.62212371826172
4.074461460113525,241.9517822265625,74.91859436035156
3.8944382667541504,168.1141815185547,72.42191314697266
3.4772050380706787,172.1110382080078,69.02391815185547
4.6199049949646,181.3653564453125,77.29164123535156
4.286217212677002,147.1293487548828,78.95782470703125
5.2926201820373535,189.78927612304688,65.12498474121094
4.692318916320801,140.10513305664062,57.033973693847656
5.303045749664307,201.3087615966797,77.61343383789062
3.947681427001953,132.77197265625,53.94997024536133
4.72086238861084,205.99609375,76.24019622802734
4.936365604400635,172.92999267578125,63.54803466796875
3.8126614093780518,176.7959442138672,57.43836212158203
4.573126316070557,186.16302490234375,107.2748031616211
4.7224955558776855,136.31678771972656,70.80988311767578
3.8105225563049316,156.1676483154297,56.84052658081055
4.149654388427734,190.7163848876953,61.89224624633789
4.443349361419678,152.349853515625,65.38768768310547
4.679685115814209,169.57923889160156,74.45143127441406
3.8482017517089844,135.7837371826172,66.65857696533203
3.4634804725646973,206.5476837158203,87.83656311035156
4.265188694000244,142.9515838623047,72.29532623291016
4.169705867767334,170.96925354003906,684.03515625
4.6545844078063965,176.11781311035156,55.301570892333984
4.3741068840026855,142.38754272460938,64.21648406982422
5.0563459396362305,174.57876586914062,82.54027557373047
5.057409763336182,175.65399169921875,74.12176513671875
4.530115604400635,180.75694274902344,72.82835388183594
3.8185079097747803,187.80726623535156,103.24806213378906
3.9467403888702393,168.02076721191406,71.78131866455078
4.23769474029541,204.98681640625,58.18605422973633
4.148476600646973,233.09451293945312,80.8679428100586
3.6547417640686035,201.4490203857422,72.50238037109375
4.57895040512085,152.30450439453125,92.83061218261719
5.182448863983154,180.8634033203125,103.54522705078125
3.998596668243408,243.07847595214844,69.81039428710938
5.109328269958496,187.66114807128906,72.01081085205078
4.294615268707275,158.0836944580078,55.32440948486328
5.0158257484436035,196.91236877441406,74.67267608642578
4.182042121887207,170.77261352539062,63.96479034423828
4.410292148590088,185.6871795654297,72.49906921386719
5.063575267791748,223.12240600585938,113.1077651977539
3.0853307247161865,152.06837463378906,64.68101501464844
4.063704967498779,164.15411376953125,52.199153900146484
4.784503936767578,130.2447052001953,57.85776901245117
4.898355960845947,219.413818359375,90.94596862792969
5.414554595947266,166.98704528808594,76.38499450683594
4.0883612632751465,147.90484619140625,90.62335205078125
3.625767469406128,157.18931579589844,60.47297668457031
4.053837776184082,169.68275451660156,53.62922668457031
4.153253078460693,144.132080078125,57.926292419433594
4.874590873718262,186.88697814941406,51.197044372558594
4.766460418701172,273.6163330078125,68.84513854980469
5.073655128479004,163.51768493652344,67.55792236328125
5.103641033172607,157.1608123779297,77.36851501464844
4.071718215942383,155.46206665039062,66.61973571777344
4.893466472625732,222.7591094970703,76.92196655273438
3.8557591438293457,185.04019165039062,75.4348373413086
4.24617338180542,117.05995178222656,58.772586822509766
4.85470724105835,213.3163604736328,72.98285675048828
4.67440938949585,177.0174560546875,70.28048706054688
4.031132698059082,150.06961059570312,67.08828735351562
3.9062423706054688,186.76466369628906,67.6693115234375
4.369719982147217,200.28749084472656,79.64151000976562
4.764132976531982,197.750732421875,72.18338012695312
4.372687816619873,181.59547424316406,82.3616714477539
3.876059055328369,231.21018981933594,78.11166381835938
4.2786664962768555,189.59689331054688,77.07522583007812
5.062222957611084,189.560791015625,74.92159271240234
5.207664489746094,175.89198303222656,76.06714630126953
5.44387674331665,234.6311492919922,78.84500885009766
4.5437912940979,260.52508544921875,61.51447296142578
5.477090358734131,272.4168395996094,90.80078125
4.085498332977295,182.65481567382812,638.7557983398438
3.787243366241455,198.6953887939453,80.42236328125
4.3419108390808105,168.0497589111328,65.30580139160156
4.48208475112915,212.6327667236328,66.99054718017578
4.74569034576416,147.04351806640625,65.50450897216797
3.906029462814331,130.34356689453125,56.73912811279297
4.419094085693359,172.03041076660156,59.94544219970703
3.797929048538208,138.56016540527344,57.25917053222656
3.8694615364074707,165.92176818847656,63.665794372558594
5.7692484855651855,207.06829833984375,94.36524200439453
4.129140853881836,191.8473358154297,73.10145568847656
3.5814003944396973,189.74729919433594,50.866615295410156
5.101926326751709,194.55154418945312,69.28421020507812
4.1273040771484375,278.85784912109375,69.52198791503906
5.336012840270996,181.06129455566406,63.075767517089844
4.57759428024292,195.03189086914062,72.60124969482422
4.590138912200928,134.887451171875,73.51582336425781
4.190913677215576,185.47323608398438,56.8924560546875
3.2124321460723877,176.9457244873047,78.41059112548828
4.319632053375244,193.8494110107422,101.799560546875
4.712555408477783,133.05577087402344,55.618255615234375
4.462010383605957,176.7765350341797,67.79993438720703
6.37575101852417,166.3360595703125,68.30254364013672
4.1047844886779785,187.11795043945312,59.698997497558594
4.596977233886719,125.95816802978516,59.407318115234375
5.544687747955322,139.53514099121094,72.64776611328125
4.705323696136475,208.1924285888672,68.44886779785156
4.34163236618042,260.6893615722656,65.04556274414062
4.937577724456787,162.4870147705078,80.27912902832031
4.218751430511475,213.23326110839844,60.55348587036133
3.952911138534546,211.02430725097656,78.28291320800781
3.616117477416992,225.068359375,70.24544525146484
4.708700656890869,184.88414001464844,79.79456329345703
4.404943466186523,152.72018432617188,75.4271469116211
5.135484218597412,184.1323699951172,84.03865051269531
4.556849956512451,221.413818359375,54.36363983154297
4.834247589111328,143.793212890625,52.91230010986328
4.698693752288818,212.015380859375,69.79429626464844
4.963719844818115,159.68392944335938,75.9517822265625
4.323476791381836,172.2962188720703,125.33726501464844
6.790083408355713,180.7417449951172,70.06462097167969
4.607432842254639,135.4381866455078,68.01206970214844
3.8118226528167725,209.24960327148438,67.41641998291016
3.7881228923797607,174.83355712890625,59.659175872802734
4.593556880950928,236.2746124267578,65.12834167480469
3.673032522201538,141.27481079101562,84.99107360839844
4.636877059936523,197.92552185058594,72.60581970214844
3.515284776687622,114.93724822998047,55.33668518066406
4.7031426429748535,211.75230407714844,65.81773376464844
4.091416835784912,148.84568786621094,44.402130126953125
4.5909318923950195,195.8459014892578,88.68545532226562
4.411840915679932,200.64122009277344,80.37519836425781
4.962279319763184,140.14166259765625,65.04591369628906
3.768874406814575,165.66421508789062,63.34663009643555
4.176316261291504,173.77757263183594,65.22126770019531
4.700450897216797,191.3766326904297,81.83592224121094
6.878335475921631,148.1573944091797,64.97393798828125
4.523580074310303,145.77291870117188,56.907867431640625
4.718217372894287,169.63783264160156,56.596248626708984
5.1857733726501465,152.23130798339844,77.58749389648438
6.043342590332031,200.0940704345703,65.07984924316406
4.60236120223999,206.81375122070312,65.30217742919922
4.187367916107178,150.124755859375,291.7486267089844
5.336703777313232,238.69512939453125,67.06592559814453
4.425814628601074,139.25607299804688,60.09278869628906
4.715554714202881,190.1781768798828,84.38175964355469
5.232726573944092,165.53372192382812,73.37487030029297
4.110013484954834,186.4327850341797,68.48019409179688
4.483113765716553,163.42306518554688,64.1519775390625
4.815196514129639,193.26104736328125,70.13341522216797
4.2707414627075195,167.86048889160156,71.58142852783203
4.787829875946045,195.08358764648438,57.98797607421875
4.795973300933838,198.5367431640625,70.86888122558594
4.65893030166626,147.27340698242188,55.81761169433594
3.8929946422576904,161.5584716796875,67.3658447265625
3.7152161598205566,154.75843811035156,90.76287841796875
4.1936821937561035,193.3008575439453,75.69647979736328
3.788342237472534,186.51646423339844,58.08734893798828
4.50756311416626,191.8651885986328,79.31963348388672
6.661755561828613,226.52618408203125,84.95980072021484
4.018354892730713,211.22596740722656,68.06331634521484
3.498344898223877,145.8220672607422,56.79545974731445
3.947735548019409,169.96292114257812,67.94816589355469
4.69667911529541,196.49285888671875,76.57779693603516
4.766185283660889,191.4839630126953,74.625732421875
5.1027960777282715,169.14495849609375,69.6042251586914
5.21209716796875,148.48240661621094,79.08937072753906
5.219581604003906,192.77420043945312,77.75408172607422
3.7079105377197266,181.78160095214844,65.18504333496094
4.399657726287842,190.60552978515625,73.12841033935547
4.8020548820495605,160.55184936523438,70.05577087402344
4.308806419372559,185.2133331298828,67.0748291015625
5.75612211227417,173.1273956298828,97.83750915527344
4.790894985198975,164.04029846191406,65.01482391357422
5.224268436431885,199.81344604492188,84.73292541503906
3.693129777908325,195.38055419921875,67.65727996826172
4.398933410644531,183.2048797607422,59.19508361816406
4.629567623138428,112.03974151611328,68.0458984375
4.701545715332031,137.45457458496094,62.57830810546875
4.625584602355957,188.41549682617188,68.20938873291016
4.110454082489014,193.165283203125,84.3817138671875
3.7395710945129395,154.93417358398438,69.576904296875
3.7049145698547363,179.19580078125,67.33219909667969
2.9785373210906982,145.18441772460938,59.97117614746094
5.490342617034912,136.12171936035156,69.54254150390625
5.6243438720703125,218.5770721435547,64.5986099243164
4.5226850509643555,179.7706298828125,66.81477355957031
3.785536289215088,164.7858123779297,78.10614776611328
4.233956813812256,196.8372344970703,69.88180541992188
4.270474910736084,165.55088806152344,56.65499496459961
4.314012050628662,165.58729553222656,78.74639129638672
4.7520246505737305,188.2047576904297,54.83112335205078
5.149463653564453,199.19688415527344,62.80803680419922
3.7685420513153076,176.2657928466797,98.89945983886719
4.826683044433594,157.0762481689453,72.94694519042969
4.842271327972412,207.3035125732422,66.1878433227539
4.658791542053223,158.95523071289062,71.23396301269531
4.311897277832031,193.82997131347656,78.21273803710938
4.245227813720703,160.42149353027344,87.94766998291016
5.275681972503662,169.06565856933594,77.57072448730469
4.713176250457764,203.40219116210938,69.94173431396484
4.4109392166137695,199.7425079345703,92.95780944824219
4.187852382659912,175.77943420410156,73.0221176147461
4.6440653800964355,206.56640625,79.41244506835938
3.8294785022735596,137.17059326171875,75.01741027832031
4.557437419891357,188.43472290039062,60.93315505981445
3.898841619491577,166.02256774902344,143.67787170410156
5.164435863494873,162.0088653564453,89.33403778076172
4.372365474700928,210.28160095214844,66.40595245361328
3.6760239601135254,201.13682556152344,80.12165069580078
3.3213353157043457,162.02098083496094,54.043357849121094
5.45434045791626,128.259033203125,51.252532958984375
4.281491279602051,192.53285217285156,82.90480041503906
4.8780598640441895,176.11123657226562,55.504981994628906
4.243539333343506,185.92539978027344,77.73201751708984
4.92371129989624,149.8395538330078,60.18974685668945
5.833038330078125,144.90284729003906,99.44129180908203
5.403532028198242,141.4343719482422,71.27212524414062
4.461759090423584,142.0578155517578,56.76506805419922
4.634433269500732,155.40635681152344,85.27129364013672
3.8433823585510254,181.45196533203125,64.95193481445312
3.9949166774749756,167.24205017089844,59.2305908203125
4.958676338195801,178.95010375976562,73.99410247802734
4.212517738342285,154.6154022216797,60.465919494628906
4.523653507232666,195.63035583496094,76.6817626953125
4.582558631896973,190.20997619628906,60.977291107177734
4.180900573730469,166.67298889160156,59.95769500732422
4.040321350097656,171.5876922607422,70.90853118896484
4.29789924621582,152.5421600341797,53.04725646972656
4.849151134490967,212.94546508789062,89.844482421875
4.340134620666504,180.35317993164062,75.167236328125
3.8628289699554443,156.3111572265625,62.938934326171875
4.544398784637451,118.65023040771484,52.6529426574707
3.313549041748047,217.0345001220703,69.7696304321289
5.1419243812561035,166.53497314453125,74.55095672607422
4.925715446472168,173.70872497558594,81.443115234375
3.7823662757873535,191.90869140625,62.383277893066406
4.767275810241699,174.1479034423828,57.14378356933594
4.1608147621154785,168.72535705566406,65.97962951660156
3.9628448486328125,191.78428649902344,222.144775390625
5.020043849945068,189.33303833007812,66.72555541992188
4.1269378662109375,227.2533721923828,82.08804321289062
4.710103511810303,217.6520233154297,76.63609313964844
4.703819751739502,161.13433837890625,76.5239486694336
4.383548259735107,141.95445251464844,87.26545715332031
4.704375743865967,149.51576232910156,64.87676239013672
4.688795566558838,193.8172607421875,92.93011474609375
4.626449108123779,236.72055053710938,69.60807800292969
4.4840288162231445,144.9889678955078,52.625274658203125
3.9107272624969482,217.78797912597656,73.73907470703125
4.888473033905029,161.4246063232422,72.166015625
4.615191459655762,181.2810516357422,68.76481628417969
4.38141393661499,173.43707275390625,75.1103286743164
4.1875457763671875,177.7772979736328,48.833187103271484
5.588717937469482,136.33311462402344,50.32358169555664
4.758930206298828,244.8144073486328,74.95561981201172
4.811150074005127,205.35215759277344,91.58207702636719
4.884318828582764,226.03488159179688,79.2951431274414
5.1799821853637695,180.7074737548828,67.59180450439453
4.369238376617432,159.66111755371094,64.63847351074219
5.65283727645874,223.54942321777344,99.0822982788086
4.388673305511475,136.90699768066406,49.614593505859375
3.9439995288848877,138.54635620117188,68.81366729736328
6.13208532333374,190.0176239013672,124.27186584472656
4.634017467498779,182.28602600097656,71.13654327392578
4.567942142486572,191.555908203125,72.28782653808594
3.8676888942718506,180.4180145263672,78.76705169677734
4.696414947509766,227.67764282226562,102.36892700195312
4.4111175537109375,212.86642456054688,83.12733459472656
3.3837502002716064,139.80368041992188,65.15203857421875
4.100372314453125,216.4547576904297,81.28793334960938
4.4199090003967285,172.64466857910156,72.84882354736328
4.853570461273193,129.15269470214844,82.28990173339844
4.588750839233398,160.79165649414062,75.91065979003906
5.043729305267334,185.3317413330078,59.34001922607422
4.398139953613281,182.39181518554688,67.38092041015625
5.436716556549072,159.8027801513672,75.22154235839844
4.1885271072387695,172.01255798339844,83.33004760742188
4.731873512268066,148.8251495361328,54.836090087890625
5.1064453125,176.05625915527344,86.09718322753906
5.4845709800720215,168.6079864501953,70.82463073730469
3.601229190826416,198.6493682861328,59.438663482666016
5.031970500946045,166.99302673339844,71.60388946533203
5.247073650360107,173.0507354736328,77.83531188964844
3.951958417892456,131.02407836914062,60.39598083496094
4.088511943817139,260.179443359375,62.532012939453125
4.4419846534729,231.43472290039062,75.87086486816406
3.440049886703491,188.3749542236328,68.84422302246094
4.365242004394531,216.86898803710938,72.39881896972656
3.8381638526916504,174.485595703125,86.82394409179688
9.122576713562012,177.37413024902344,70.5732421875
4.691630840301514,175.51373291015625,63.223045349121094
5.653750896453857,137.36227416992188,66.15740966796875
4.2837443351745605,154.92987060546875,64.93951416015625
4.212699890136719,191.2082977294922,74.67190551757812
4.954257965087891,150.5675048828125,85.38931274414062
4.803703308105469,171.30517578125,62.70709228515625
4.337779998779297,146.3590087890625,132.39173889160156
4.960341930389404,199.79562377929688,81.20533752441406
4.75717306137085,224.87173461914062,74.17204284667969
5.786325931549072,153.37261962890625,76.4365005493164
4.849163055419922,190.88323974609375,65.53414154052734
4.370010852813721,200.2005615234375,86.20819091796875
4.715301990509033,211.38494873046875,70.20919036865234
4.876246929168701,121.58133697509766,55.267250061035156
4.10582971572876,139.01483154296875,62.76829147338867
3.5397045612335205,212.6059112548828,57.81845474243164
3.8845574855804443,177.10629272460938,76.70301818847656
4.335911273956299,197.89219665527344,71.59164428710938
3.9685654640197754,185.3721923828125,66.91371154785156
4.017237663269043,167.0574951171875,68.87999725341797
3.804220676422119,152.21432495117188,60.66608428955078
4.710282802581787,161.73046875,60.29470443725586
4.175999641418457,215.7609100341797,63.71125411987305
5.2388410568237305,190.8734588623047,66.44691467285156
3.4246063232421875,190.9003143310547,77.6693115234375
4.540047645568848,173.259765625,72.03500366210938
4.1657023429870605,105.43474578857422,60.92430877685547
4.880645275115967,226.79278564453125,71.05553436279297
4.6690826416015625,170.5175018310547,58.377437591552734
4.108872890472412,178.01834106445312,48.849273681640625
5.8859429359436035,182.0024871826172,77.94975280761719
5.740835666656494,225.0232391357422,84.49492645263672
4.096623420715332,162.87705993652344,63.57182693481445
4.477872371673584,179.4054412841797,68.083251953125
4.214419364929199,232.614990234375,70.37372589111328
4.640835762023926,194.77487182617188,368.8582763671875
3.4552762508392334,191.6815643310547,66.47712707519531
3.102874994277954,187.12730407714844,67.61125183105469
4.514647483825684,167.24478149414062,68.82989501953125
4.122997283935547,183.5456085205078,95.8372802734375
4.275171756744385,149.13616943359375,70.33403015136719
5.077182769775391,222.15499877929688,66.83737182617188
5.402115821838379,265.1551818847656,63.95475387573242
4.590939998626709,204.62374877929688,80.83790588378906
4.879889011383057,195.46255493164062,66.87677001953125
5.783480644226074,116.6869888305664,54.6861457824707
4.228344440460205,167.59864807128906,137.19552612304688
4.347845077514648,206.76722717285156,86.3126220703125
4.841777801513672,150.73387145996094,63.14518356323242
5.88106632232666,150.74844360351562,64.4550552368164
4.73115348815918,183.2301483154297,56.98466873168945
4.943550109863281,168.06146240234375,70.38170623779297
4.377532958984375,201.80010986328125,84.4469223022461
4.534211158752441,149.56546020507812,61.31785583496094
4.215766429901123,241.63381958007812,79.67854309082031
4.5801167488098145,200.5021209716797,67.3464126586914
4.377344608306885,192.50051879882812,127.85482788085938
4.850361347198486,186.4120330810547,83.9298095703125
3.4771485328674316,203.672607421875,63.05379104614258
5.037284851074219,140.98011779785156,69.35226440429688
4.136571884155273,166.41046142578125,47.311187744140625
3.4793038368225098,146.08523559570312,63.54271697998047
3.8885815143585205,179.32357788085938,100.35247802734375
4.243596076965332,168.11788940429688,77.01565551757812
4.081477165222168,252.75827026367188,58.02133560180664
4.709947109222412,209.85060119628906,90.61247253417969
3.5038113594055176,209.84375,82.88035583496094
5.030996322631836,236.7808074951172,65.84998321533203
4.292541980743408,182.47384643554688,95.5621566772461
4.084075927734375,172.31857299804688,68.48004150390625
4.426200866699219,185.45887756347656,126.38863372802734
5.829948902130127,165.3355712890625,77.389404296875
4.214565277099609,184.5432891845703,71.73091888427734
3.88871169090271,195.61656188964844,60.239654541015625
5.086055278778076,134.3450927734375,68.67390441894531
4.459216117858887,178.47152709960938,82.58125305175781
6.951805114746094,161.84814453125,60.582191467285156
4.190667152404785,200.7972412109375,83.17779541015625
4.7820329666137695,166.44735717773438,113.55465698242188
3.677201986312866,194.83453369140625,78.39204406738281
4.146468639373779,153.13677978515625,92.00145721435547
5.066614627838135,144.6375274658203,65.85243225097656
4.3814263343811035,217.22108459472656,86.84458923339844
3.980365037918091,185.7635040283203,50.240753173828125
5.812370777130127,149.3260498046875,61.821495056152344
4.220363140106201,135.7569580078125,54.89637756347656
4.674657821655273,194.3443145751953,62.40235137939453
4.4746012687683105,167.8341064453125,55.71278381347656
4.6262640953063965,242.10313415527344,72.66679382324219
4.5551581382751465,176.1520538330078,76.33897399902344
5.653367519378662,136.48297119140625,82.41169738769531
4.461780071258545,182.38880920410156,61.836307525634766
4.796266555786133,104.72969818115234,62.07281494140625
4.89550256729126,123.4554672241211,77.69189453125
4.823846340179443,130.0626983642578,66.5751953125
4.0679216384887695,202.728515625,74.43490600585938
4.2213521003723145,210.07960510253906,76.22059631347656
5.131076335906982,198.53843688964844,63.14337921142578
4.5432915687561035,159.618408203125,56.12054443359375
3.7941741943359375,217.6212615966797,70.85507202148438
3.7876954078674316,190.7703399658203,1322.146728515625
4.91029691696167,157.51412963867188,63.43670654296875
3.977832555770874,216.739990234375,62.79512023925781
4.53156852722168,162.9438934326172,67.93992614746094
4.066077709197998,220.8720245361328,54.37130355834961
4.530282497406006,213.33425903320312,84.00979614257812
4.071521759033203,151.0935516357422,65.08992004394531
4.7114129066467285,161.54676818847656,66.00650787353516
4.473731994628906,157.3625946044922,66.4908218383789
4.1281867027282715,119.58627319335938,47.19767761230469
4.277920722961426,191.1775665283203,69.40226745605469
4.995019435882568,161.7513427734375,64.09563446044922
6.410392761230469,180.00355529785156,143.62477111816406
4.827856063842773,194.4894561767578,69.56941986083984
5.345822811126709,203.1951446533203,81.23709869384766
4.562739849090576,219.18594360351562,52.36457443237305
6.3193359375,146.0991973876953,119.93838500976562
5.359467506408691,143.0737762451172,73.29026794433594
4.088181972503662,207.06886291503906,73.78755950927734
3.6361794471740723,190.95587158203125,74.75874328613281
4.07098388671875,224.02418518066406,77.64555358886719
4.5263519287109375,169.7637939453125,49.92636489868164
5.159848690032959,243.44398498535156,62.5432243347168
4.7310638427734375,234.08267211914062,76.69680786132812
3.9283909797668457,191.0599365234375,55.79081344604492
5.396801948547363,186.20989990234375,75.60752868652344
5.008269786834717,207.95726013183594,73.04208374023438
4.390485763549805,149.77325439453125,49.06565856933594
4.172211647033691,253.48977661132812,76.99453735351562
4.405229091644287,213.75794982910156,71.7165298461914
3.648685932159424,157.4600372314453,137.09173583984375
4.462985992431641,150.19412231445312,76.33688354492188
4.001233100891113,242.56460571289062,65.97498321533203
3.62640380859375,148.6819305419922,68.8003921508789
6.536559581756592,243.81947326660156,63.86783218383789
4.00494384765625,145.65597534179688,65.86370849609375
4.114171028137207,177.3966827392578,54.233829498291016
3.6678879261016846,197.76803588867188,67.10606384277344
5.610862731933594,147.0538787841797,77.41940307617188
4.000885963439941,213.11410522460938,86.32938385009766
4.561105728149414,209.9766082763672,68.65938568115234
4.867210388183594,171.6945343017578,69.0553207397461
4.817248821258545,146.12828063964844,55.97163009643555
4.524203777313232,208.17372131347656,55.73460388183594
4.169142723083496,159.6981658935547,65.4476547241211
4.590385437011719,120.39228057861328,113.9103775024414
5.729316234588623,217.40830993652344,87.25200653076172
4.295691967010498,172.0946807861328,79.1339340209961
4.265035152435303,161.82382202148438,64.76055908203125
3.609525680541992,229.156494140625,58.39391326904297
4.983476638793945,228.9803466796875,70.57941436767578
4.7837700843811035,139.7400360107422,62.87017059326172
4.848960876464844,154.44847106933594,99.44563293457031
5.438526153564453,162.96502685546875,74.02439880371094
6.468715190887451,212.53465270996094,73.11894226074219
3.888129472732544,178.05393981933594,74.83607482910156
4.229403495788574,166.34803771972656,75.67837524414062
3.7780487537384033,184.930419921875,68.28068542480469
5.1691365242004395,214.83819580078125,70.01141357421875
4.16772985458374,142.98880004882812,49.60273361206055
4.356886386871338,212.85972595214844,74.48027038574219
4.154185771942139,115.59322357177734,58.76896286010742
4.5242390632629395,165.1409912109375,73.12152099609375
4.274562358856201,192.62953186035156,52.03675079345703
5.044416904449463,177.19882202148438,78.32723999023438
4.074007987976074,194.34524536132812,71.38253784179688
3.362736940383911,160.770751953125,65.8104019165039
4.054625988006592,146.2624969482422,61.55996322631836
3.9262351989746094,108.36376953125,60.924320220947266
4.3074049949646,215.84576416015625,69.74151611328125
4.57873010635376,223.60269165039062,79.791259765625
5.413722515106201,190.11758422851562,73.07764434814453
5.2121686935424805,189.64190673828125,74.33152770996094
4.826569557189941,206.32546997070312,85.48849487304688
4.843945026397705,191.93455505371094,79.70475769042969
4.398287773132324,172.4969482421875,92.92761993408203
5.6517333984375,218.0712890625,71.83084106445312
4.280820369720459,187.01083374023438,69.4844741821289
4.791548252105713,132.24441528320312,65.43163299560547
4.71578311920166,114.66820526123047,58.443302154541016
4.7560248374938965,167.8938446044922,64.74921417236328
4.600125789642334,181.8710174560547,51.98351287841797
5.29384708404541,186.01622009277344,155.12649536132812
4.750378608703613,152.03883361816406,100.02110290527344
4.326951026916504,134.91973876953125,125.67333984375
5.48421049118042,174.54916381835938,169.1857147216797
4.365628719329834,204.80931091308594,56.4618034362793
4.591092586517334,180.41896057128906,68.04869842529297
3.7077033519744873,116.74467468261719,49.27885818481445
4.250008583068848,173.1650848388672,57.20548629760742
4.484986782073975,183.51707458496094,75.47504425048828
5.267940998077393,183.23660278320312,61.285762786865234
4.025843143463135,217.1456756591797,81.14339447021484
6.3086676597595215,181.48916625976562,87.4962158203125
4.9190287590026855,146.3486785888672,68.97850036621094
3.992455244064331,200.41555786132812,72.8779525756836
4.480903625488281,195.5610809326172,71.95313262939453
4.7647705078125,180.71871948242188,184.02450561523438
6.061407566070557,177.95339965820312,78.89810180664062
4.406059265136719,179.86105346679688,76.35376739501953
4.688037872314453,198.02276611328125,93.78502655029297
4.515427112579346,145.1205596923828,90.15946960449219
3.6954879760742188,165.7644500732422,56.10161590576172
3.681431293487549,183.19479370117188,54.34226989746094
4.08180046081543,214.73614501953125,68.96159362792969
4.25288724899292,185.09628295898438,85.32950592041016
4.526782512664795,143.64524841308594,66.47977447509766
4.43871545791626,186.86195373535156,71.6863784790039
5.3102126121521,154.18728637695312,81.11802673339844
4.511153697967529,230.919189453125,204.95401000976562
4.027089595794678,252.31170654296875,65.55793762207031
4.177810192108154,129.97532653808594,59.9311408996582
4.151912212371826,185.76077270507812,70.60835266113281
5.429472923278809,140.0075225830078,62.98605728149414
3.6099395751953125,176.73231506347656,55.24017333984375
3.893541097640991,226.44186401367188,85.24751281738281
4.5384697914123535,158.44715881347656,64.85494232177734
4.240804195404053,208.5666046142578,63.85765075683594
4.182315349578857,220.5755157470703,84.48375701904297
4.257925510406494,111.8656234741211,83.93182373046875
5.049167156219482,173.44932556152344,76.90762329101562
3.7741858959198,150.96961975097656,58.47176742553711
5.01869535446167,185.1619873046875,70.8676986694336
3.5389931201934814,155.9434051513672,66.2632064819336
4.386796474456787,176.62657165527344,81.03634643554688
5.75792932510376,136.16891479492188,101.22830963134766
3.788682699203491,157.41653442382812,120.50552368164062
4.696423053741455,142.53262329101562,82.5872573852539
5.106806755065918,215.6010284423828,65.35696411132812
5.224282264709473,141.56805419921875,117.13629913330078
3.957975149154663,198.32711791992188,65.48467254638672
4.720517158508301,169.02516174316406,66.3087387084961
4.564615726470947,170.46792602539062,71.03266906738281
4.110691070556641,200.34417724609375,70.37008666992188
3.617551565170288,165.5594482421875,57.81660079956055
5.308932781219482,176.07791137695312,58.46376419067383
3.9626121520996094,148.2876434326172,68.55145263671875
3.8546242713928223,165.60910034179688,60.3041877746582
4.051510810852051,123.81781768798828,57.68842697143555
4.10956335067749,139.26063537597656,64.70960998535156
5.0275092124938965,196.420654296875,62.56983184814453
4.515318393707275,193.5360107421875,64.11968994140625
6.1634907722473145,172.44776916503906,106.027587890625
4.817715167999268,166.73968505859375,70.42566680908203
5.310709476470947,191.36004638671875,99.08721160888672
5.683553218841553,235.08261108398438,75.05938720703125
4.3524250984191895,206.0581817626953,67.27294921875
4.202364444732666,152.52529907226562,62.48173141479492
4.092712879180908,190.1665496826172,67.6122817993164
4.404163360595703,174.21124267578125,79.69620513916016
4.7120184898376465,203.7147674560547,111.87682342529297
4.51657772064209,209.88226318359375,69.37464141845703
3.834998846054077,156.69622802734375,47.49591064453125
4.248813152313232,147.0133056640625,56.1126594543457
4.557375907897949,166.47683715820312,86.58488464355469
4.0697922706604,175.4775390625,63.15330123901367
4.45262336730957,177.14520263671875,75.51079559326172
4.004842281341553,195.72874450683594,70.36029052734375
4.900569438934326,202.017578125,86.578369140625
4.721797466278076,178.23939514160156,58.29168701171875
3.336935520172119,199.61038208007812,61.44453430175781
4.271134376525879,216.8453369140625,68.18922424316406
4.141101837158203,218.53497314453125,68.87642669677734
4.936850070953369,212.34568786621094,71.5774917602539
4.660625457763672,171.2109375,74.83055877685547
3.3039004802703857,136.06671142578125,51.80997848510742
4.163259983062744,207.59556579589844,68.08523559570312
5.473055362701416,208.92938232421875,87.7778549194336
5.047326564788818,194.43490600585938,82.1720962524414
4.864970684051514,126.64080810546875,83.68851470947266
8.944729804992676,178.6676788330078,90.78277587890625
4.782638072967529,189.6407012939453,74.3464584350586
4.693295955657959,179.24136352539062,91.53800201416016
5.279005527496338,172.3943328857422,59.8309326171875
4.4531683921813965,161.3815155029297,76.31483459472656
5.077080726623535,192.060791015625,58.559757232666016
4.1299567222595215,231.18637084960938,70.5694580078125
4.475040435791016,181.35604858398438,64.34052276611328
4.121115207672119,182.11325073242188,68.23260498046875
4.549697399139404,195.28065490722656,89.34765625
3.921992540359497,233.65660095214844,68.09564971923828
3.7297935485839844,204.49252319335938,61.06478500366211
4.80719518661499,210.3901824951172,287.8229675292969
5.266067028045654,222.89564514160156,74.70854187011719
4.30524206161499,143.9974822998047,59.73088836669922
4.371595859527588,144.91941833496094,68.63259887695312
5.861073970794678,176.70835876464844,82.92728424072266
